requirement,clauses,implementation,test
FR-C1-01,,backend/apps/samples/models.py:230; backend/apps/samples/serializers.py:163; backend/apps/samples/views.py:377,backend/tests/test_sample_receipt.py::test_a_bare_receive_records_a_conforming_receipt
FR-C1-01,,backend/apps/samples/models.py:230; backend/apps/samples/serializers.py:163; backend/apps/samples/views.py:377,backend/tests/test_sample_receipt.py::test_a_conforming_item_is_never_gated
FR-C1-01,,backend/apps/samples/models.py:230; backend/apps/samples/serializers.py:163; backend/apps/samples/views.py:377,backend/tests/test_sample_receipt.py::test_a_consultation_is_refused_on_an_item_that_arrived_intact
FR-C1-01,,backend/apps/samples/models.py:230; backend/apps/samples/serializers.py:163; backend/apps/samples/views.py:377,backend/tests/test_sample_receipt.py::test_a_consultation_needs_an_outcome_not_just_a_phone_call
FR-C1-01,,backend/apps/samples/models.py:230; backend/apps/samples/serializers.py:163; backend/apps/samples/views.py:377,backend/tests/test_sample_receipt.py::test_a_deviation_with_no_explanation_is_refused
FR-C1-01,,backend/apps/samples/models.py:230; backend/apps/samples/serializers.py:163; backend/apps/samples/views.py:377,backend/tests/test_sample_receipt.py::test_a_malformed_body_leaves_the_sample_where_it_was
FR-C1-01,,backend/apps/samples/models.py:230; backend/apps/samples/serializers.py:163; backend/apps/samples/views.py:377,backend/tests/test_sample_receipt.py::test_a_nonconforming_item_cannot_start_prep_until_the_customer_is_consulted
FR-C1-01,,backend/apps/samples/models.py:230; backend/apps/samples/serializers.py:163; backend/apps/samples/views.py:377,backend/tests/test_sample_receipt.py::test_a_patch_cannot_change_an_allocated_code
FR-C1-01,,backend/apps/samples/models.py:230; backend/apps/samples/serializers.py:163; backend/apps/samples/views.py:377,backend/tests/test_sample_receipt.py::test_a_receipt_in_the_future_is_refused
FR-C1-01,,backend/apps/samples/models.py:230; backend/apps/samples/serializers.py:163; backend/apps/samples/views.py:377,backend/tests/test_sample_receipt.py::test_a_recorded_deviation_is_accepted_and_summarised
FR-C1-01,,backend/apps/samples/models.py:230; backend/apps/samples/serializers.py:163; backend/apps/samples/views.py:377,backend/tests/test_sample_receipt.py::test_a_refused_item_can_be_disposed_of
FR-C1-01,,backend/apps/samples/models.py:230; backend/apps/samples/serializers.py:163; backend/apps/samples/views.py:377,backend/tests/test_sample_receipt.py::test_a_refused_item_cannot_be_prepped
FR-C1-01,,backend/apps/samples/models.py:230; backend/apps/samples/serializers.py:163; backend/apps/samples/views.py:377,backend/tests/test_sample_receipt.py::test_a_refused_item_does_not_land_in_the_nonconforming_work_queue
FR-C1-01,,backend/apps/samples/models.py:230; backend/apps/samples/serializers.py:163; backend/apps/samples/views.py:377,backend/tests/test_sample_receipt.py::test_a_sample_received_before_the_receipt_record_existed_is_not_stranded
FR-C1-01,,backend/apps/samples/models.py:230; backend/apps/samples/serializers.py:163; backend/apps/samples/views.py:377,backend/tests/test_sample_receipt.py::test_a_service_line_with_no_prefix_refuses_rather_than_inventing_one
FR-C1-01,,backend/apps/samples/models.py:230; backend/apps/samples/serializers.py:163; backend/apps/samples/views.py:377,backend/tests/test_sample_receipt.py::test_a_temperature_excursion_counts_as_a_deviation
FR-C1-01,,backend/apps/samples/models.py:230; backend/apps/samples/serializers.py:163; backend/apps/samples/views.py:377,backend/tests/test_sample_receipt.py::test_an_item_can_be_refused_after_it_has_been_booked_in
FR-C1-01,,backend/apps/samples/models.py:230; backend/apps/samples/serializers.py:163; backend/apps/samples/views.py:377,backend/tests/test_sample_receipt.py::test_an_item_can_be_refused_before_it_is_received
FR-C1-01,,backend/apps/samples/models.py:230; backend/apps/samples/serializers.py:163; backend/apps/samples/views.py:377,backend/tests/test_sample_receipt.py::test_an_unmeasured_temperature_is_not_recorded_as_conforming
FR-C1-01,,backend/apps/samples/models.py:230; backend/apps/samples/serializers.py:163; backend/apps/samples/views.py:377,backend/tests/test_sample_receipt.py::test_an_unrelated_update_still_works_with_the_trigger_in_place
FR-C1-01,,backend/apps/samples/models.py:230; backend/apps/samples/serializers.py:163; backend/apps/samples/views.py:377,backend/tests/test_sample_receipt.py::test_authorising_testing_despite_a_deviation_requires_a_disclaimer
FR-C1-01,,backend/apps/samples/models.py:230; backend/apps/samples/serializers.py:163; backend/apps/samples/views.py:377,backend/tests/test_sample_receipt.py::test_codes_increment_within_a_service_line_and_month
FR-C1-01,,backend/apps/samples/models.py:230; backend/apps/samples/serializers.py:163; backend/apps/samples/views.py:377,backend/tests/test_sample_receipt.py::test_each_service_line_and_month_counts_separately
FR-C1-01,,backend/apps/samples/models.py:230; backend/apps/samples/serializers.py:163; backend/apps/samples/views.py:377,backend/tests/test_sample_receipt.py::test_receipt_can_be_backdated_to_when_the_courier_actually_arrived
FR-C1-01,,backend/apps/samples/models.py:230; backend/apps/samples/serializers.py:163; backend/apps/samples/views.py:377,backend/tests/test_sample_receipt.py::test_recording_the_consultation_opens_the_gate
FR-C1-01,,backend/apps/samples/models.py:230; backend/apps/samples/serializers.py:163; backend/apps/samples/views.py:377,backend/tests/test_sample_receipt.py::test_refusing_an_item_is_role_gated
FR-C1-01,,backend/apps/samples/models.py:230; backend/apps/samples/serializers.py:163; backend/apps/samples/views.py:377,backend/tests/test_sample_receipt.py::test_refusing_an_item_requires_a_reason
FR-C1-01,,backend/apps/samples/models.py:230; backend/apps/samples/serializers.py:163; backend/apps/samples/views.py:377,backend/tests/test_sample_receipt.py::test_the_code_is_allocated_server_side_and_a_client_supplied_one_is_ignored
FR-C1-01,,backend/apps/samples/models.py:230; backend/apps/samples/serializers.py:163; backend/apps/samples/views.py:377,backend/tests/test_sample_receipt.py::test_the_database_refuses_a_code_change_even_from_raw_sql
FR-C1-01,,backend/apps/samples/models.py:230; backend/apps/samples/serializers.py:163; backend/apps/samples/views.py:377,backend/tests/test_sample_receipt.py::test_the_disclaimer_flag_follows_the_customers_instruction
FR-C1-01,,backend/apps/samples/models.py:230; backend/apps/samples/serializers.py:163; backend/apps/samples/views.py:377,backend/tests/test_sample_receipt.py::test_the_receive_response_carries_the_saved_receipt
FR-C1-01,,backend/apps/samples/models.py:230; backend/apps/samples/serializers.py:163; backend/apps/samples/views.py:377,backend/tests/test_sample_receipt.py::test_the_write_time_is_kept_separately_from_the_event_time
FR-C1-02,ISO/IEC 17025:2017 7.4.2,backend/apps/samples/views.py:635,backend/tests/test_labels.py::test_a_batch_naming_an_unknown_sample_prints_nothing
FR-C1-02,ISO/IEC 17025:2017 7.4.2,backend/apps/samples/views.py:635,backend/tests/test_labels.py::test_a_batch_prints_every_sample_asked_for
FR-C1-02,ISO/IEC 17025:2017 7.4.2,backend/apps/samples/views.py:635,backend/tests/test_labels.py::test_a_batch_prints_in_the_order_it_was_asked_for
FR-C1-02,ISO/IEC 17025:2017 7.4.2,backend/apps/samples/views.py:635,backend/tests/test_labels.py::test_a_batch_records_one_event_per_sample
FR-C1-02,ISO/IEC 17025:2017 7.4.2,backend/apps/samples/views.py:635,backend/tests/test_labels.py::test_a_client_may_ask_for_a_pdf_by_name
FR-C1-02,ISO/IEC 17025:2017 7.4.2,backend/apps/samples/views.py:635,backend/tests/test_labels.py::test_a_code_too_long_for_the_stock_is_refused_not_truncated
FR-C1-02,ISO/IEC 17025:2017 7.4.2,backend/apps/samples/views.py:635,backend/tests/test_labels.py::test_a_label_with_every_field_populated_still_fits_one_page
FR-C1-02,ISO/IEC 17025:2017 7.4.2,backend/apps/samples/views.py:635,backend/tests/test_labels.py::test_a_repeated_id_in_a_batch_prints_once
FR-C1-02,ISO/IEC 17025:2017 7.4.2,backend/apps/samples/views.py:635,backend/tests/test_labels.py::test_a_reprint_with_a_reason_is_recorded_as_one
FR-C1-02,ISO/IEC 17025:2017 7.4.2,backend/apps/samples/views.py:635,backend/tests/test_labels.py::test_a_sample_with_no_holding_time_still_prints
FR-C1-02,ISO/IEC 17025:2017 7.4.2,backend/apps/samples/views.py:635,backend/tests/test_labels.py::test_a_second_print_without_a_reason_is_refused
FR-C1-02,ISO/IEC 17025:2017 7.4.2,backend/apps/samples/views.py:635,backend/tests/test_labels.py::test_a_worksheet_label_carries_the_parent_sample_code
FR-C1-02,ISO/IEC 17025:2017 7.4.2,backend/apps/samples/views.py:635,backend/tests/test_labels.py::test_a_worksheet_label_is_a_different_kind_from_a_container_label
FR-C1-02,ISO/IEC 17025:2017 7.4.2,backend/apps/samples/views.py:635,backend/tests/test_labels.py::test_an_error_still_comes_back_readable_when_a_pdf_was_asked_for
FR-C1-02,ISO/IEC 17025:2017 7.4.2,backend/apps/samples/views.py:635,backend/tests/test_labels.py::test_an_order_with_no_samples_still_prints
FR-C1-02,ISO/IEC 17025:2017 7.4.2,backend/apps/samples/views.py:635,backend/tests/test_labels.py::test_completed_work_does_not_keep_a_container_flagged
FR-C1-02,ISO/IEC 17025:2017 7.4.2,backend/apps/samples/views.py:635,backend/tests/test_labels.py::test_every_container_gets_exactly_one_page
FR-C1-02,ISO/IEC 17025:2017 7.4.2,backend/apps/samples/views.py:635,backend/tests/test_labels.py::test_printing_is_role_gated
FR-C1-02,ISO/IEC 17025:2017 7.4.2,backend/apps/samples/views.py:635,backend/tests/test_labels.py::test_printing_records_who_printed_what
FR-C1-02,ISO/IEC 17025:2017 7.4.2,backend/apps/samples/views.py:635,backend/tests/test_labels.py::test_the_client_cannot_declare_its_own_print_a_first_print
FR-C1-02,ISO/IEC 17025:2017 7.4.2,backend/apps/samples/views.py:635,backend/tests/test_labels.py::test_the_job_order_is_role_gated
FR-C1-02,ISO/IEC 17025:2017 7.4.2,backend/apps/samples/views.py:635,backend/tests/test_labels.py::test_the_job_order_prints_and_is_recorded
FR-C1-02,ISO/IEC 17025:2017 7.4.2,backend/apps/samples/views.py:635,backend/tests/test_labels.py::test_the_label_carries_the_soonest_holding_time_deadline
FR-C1-02,ISO/IEC 17025:2017 7.4.2,backend/apps/samples/views.py:635,backend/tests/test_labels.py::test_the_printed_barcode_decodes_back_to_the_sample_code
FR-C1-09,,backend/apps/samples/models.py:234; backend/apps/samples/views.py:406,backend/tests/test_sample_receipt.py::test_a_bare_receive_records_a_conforming_receipt
FR-C1-09,,backend/apps/samples/models.py:234; backend/apps/samples/views.py:406,backend/tests/test_sample_receipt.py::test_a_conforming_item_is_never_gated
FR-C1-09,,backend/apps/samples/models.py:234; backend/apps/samples/views.py:406,backend/tests/test_sample_receipt.py::test_a_consultation_is_refused_on_an_item_that_arrived_intact
FR-C1-09,,backend/apps/samples/models.py:234; backend/apps/samples/views.py:406,backend/tests/test_sample_receipt.py::test_a_consultation_needs_an_outcome_not_just_a_phone_call
FR-C1-09,,backend/apps/samples/models.py:234; backend/apps/samples/views.py:406,backend/tests/test_sample_receipt.py::test_a_deviation_with_no_explanation_is_refused
FR-C1-09,,backend/apps/samples/models.py:234; backend/apps/samples/views.py:406,backend/tests/test_sample_receipt.py::test_a_malformed_body_leaves_the_sample_where_it_was
FR-C1-09,,backend/apps/samples/models.py:234; backend/apps/samples/views.py:406,backend/tests/test_sample_receipt.py::test_a_nonconforming_item_cannot_start_prep_until_the_customer_is_consulted
FR-C1-09,,backend/apps/samples/models.py:234; backend/apps/samples/views.py:406,backend/tests/test_sample_receipt.py::test_a_patch_cannot_change_an_allocated_code
FR-C1-09,,backend/apps/samples/models.py:234; backend/apps/samples/views.py:406,backend/tests/test_sample_receipt.py::test_a_receipt_in_the_future_is_refused
FR-C1-09,,backend/apps/samples/models.py:234; backend/apps/samples/views.py:406,backend/tests/test_sample_receipt.py::test_a_recorded_deviation_is_accepted_and_summarised
FR-C1-09,,backend/apps/samples/models.py:234; backend/apps/samples/views.py:406,backend/tests/test_sample_receipt.py::test_a_refused_item_can_be_disposed_of
FR-C1-09,,backend/apps/samples/models.py:234; backend/apps/samples/views.py:406,backend/tests/test_sample_receipt.py::test_a_refused_item_cannot_be_prepped
FR-C1-09,,backend/apps/samples/models.py:234; backend/apps/samples/views.py:406,backend/tests/test_sample_receipt.py::test_a_refused_item_does_not_land_in_the_nonconforming_work_queue
FR-C1-09,,backend/apps/samples/models.py:234; backend/apps/samples/views.py:406,backend/tests/test_sample_receipt.py::test_a_sample_received_before_the_receipt_record_existed_is_not_stranded
FR-C1-09,,backend/apps/samples/models.py:234; backend/apps/samples/views.py:406,backend/tests/test_sample_receipt.py::test_a_service_line_with_no_prefix_refuses_rather_than_inventing_one
FR-C1-09,,backend/apps/samples/models.py:234; backend/apps/samples/views.py:406,backend/tests/test_sample_receipt.py::test_a_temperature_excursion_counts_as_a_deviation
FR-C1-09,,backend/apps/samples/models.py:234; backend/apps/samples/views.py:406,backend/tests/test_sample_receipt.py::test_an_item_can_be_refused_after_it_has_been_booked_in
FR-C1-09,,backend/apps/samples/models.py:234; backend/apps/samples/views.py:406,backend/tests/test_sample_receipt.py::test_an_item_can_be_refused_before_it_is_received
FR-C1-09,,backend/apps/samples/models.py:234; backend/apps/samples/views.py:406,backend/tests/test_sample_receipt.py::test_an_unmeasured_temperature_is_not_recorded_as_conforming
FR-C1-09,,backend/apps/samples/models.py:234; backend/apps/samples/views.py:406,backend/tests/test_sample_receipt.py::test_an_unrelated_update_still_works_with_the_trigger_in_place
FR-C1-09,,backend/apps/samples/models.py:234; backend/apps/samples/views.py:406,backend/tests/test_sample_receipt.py::test_authorising_testing_despite_a_deviation_requires_a_disclaimer
FR-C1-09,,backend/apps/samples/models.py:234; backend/apps/samples/views.py:406,backend/tests/test_sample_receipt.py::test_codes_increment_within_a_service_line_and_month
FR-C1-09,,backend/apps/samples/models.py:234; backend/apps/samples/views.py:406,backend/tests/test_sample_receipt.py::test_each_service_line_and_month_counts_separately
FR-C1-09,,backend/apps/samples/models.py:234; backend/apps/samples/views.py:406,backend/tests/test_sample_receipt.py::test_receipt_can_be_backdated_to_when_the_courier_actually_arrived
FR-C1-09,,backend/apps/samples/models.py:234; backend/apps/samples/views.py:406,backend/tests/test_sample_receipt.py::test_recording_the_consultation_opens_the_gate
FR-C1-09,,backend/apps/samples/models.py:234; backend/apps/samples/views.py:406,backend/tests/test_sample_receipt.py::test_refusing_an_item_is_role_gated
FR-C1-09,,backend/apps/samples/models.py:234; backend/apps/samples/views.py:406,backend/tests/test_sample_receipt.py::test_refusing_an_item_requires_a_reason
FR-C1-09,,backend/apps/samples/models.py:234; backend/apps/samples/views.py:406,backend/tests/test_sample_receipt.py::test_the_code_is_allocated_server_side_and_a_client_supplied_one_is_ignored
FR-C1-09,,backend/apps/samples/models.py:234; backend/apps/samples/views.py:406,backend/tests/test_sample_receipt.py::test_the_database_refuses_a_code_change_even_from_raw_sql
FR-C1-09,,backend/apps/samples/models.py:234; backend/apps/samples/views.py:406,backend/tests/test_sample_receipt.py::test_the_disclaimer_flag_follows_the_customers_instruction
FR-C1-09,,backend/apps/samples/models.py:234; backend/apps/samples/views.py:406,backend/tests/test_sample_receipt.py::test_the_receive_response_carries_the_saved_receipt
FR-C1-09,,backend/apps/samples/models.py:234; backend/apps/samples/views.py:406,backend/tests/test_sample_receipt.py::test_the_write_time_is_kept_separately_from_the_event_time
FR-C1-13,ISO/IEC 17025:2017 7.4.3,backend/apps/samples/models.py:261; backend/apps/samples/views.py:609,backend/tests/test_sample_receipt.py::test_a_bare_receive_records_a_conforming_receipt
FR-C1-13,ISO/IEC 17025:2017 7.4.3,backend/apps/samples/models.py:261; backend/apps/samples/views.py:609,backend/tests/test_sample_receipt.py::test_a_conforming_item_is_never_gated
FR-C1-13,ISO/IEC 17025:2017 7.4.3,backend/apps/samples/models.py:261; backend/apps/samples/views.py:609,backend/tests/test_sample_receipt.py::test_a_consultation_is_refused_on_an_item_that_arrived_intact
FR-C1-13,ISO/IEC 17025:2017 7.4.3,backend/apps/samples/models.py:261; backend/apps/samples/views.py:609,backend/tests/test_sample_receipt.py::test_a_consultation_needs_an_outcome_not_just_a_phone_call
FR-C1-13,ISO/IEC 17025:2017 7.4.3,backend/apps/samples/models.py:261; backend/apps/samples/views.py:609,backend/tests/test_sample_receipt.py::test_a_deviation_with_no_explanation_is_refused
FR-C1-13,ISO/IEC 17025:2017 7.4.3,backend/apps/samples/models.py:261; backend/apps/samples/views.py:609,backend/tests/test_sample_receipt.py::test_a_malformed_body_leaves_the_sample_where_it_was
FR-C1-13,ISO/IEC 17025:2017 7.4.3,backend/apps/samples/models.py:261; backend/apps/samples/views.py:609,backend/tests/test_sample_receipt.py::test_a_nonconforming_item_cannot_start_prep_until_the_customer_is_consulted
FR-C1-13,ISO/IEC 17025:2017 7.4.3,backend/apps/samples/models.py:261; backend/apps/samples/views.py:609,backend/tests/test_sample_receipt.py::test_a_patch_cannot_change_an_allocated_code
FR-C1-13,ISO/IEC 17025:2017 7.4.3,backend/apps/samples/models.py:261; backend/apps/samples/views.py:609,backend/tests/test_sample_receipt.py::test_a_receipt_in_the_future_is_refused
FR-C1-13,ISO/IEC 17025:2017 7.4.3,backend/apps/samples/models.py:261; backend/apps/samples/views.py:609,backend/tests/test_sample_receipt.py::test_a_recorded_deviation_is_accepted_and_summarised
FR-C1-13,ISO/IEC 17025:2017 7.4.3,backend/apps/samples/models.py:261; backend/apps/samples/views.py:609,backend/tests/test_sample_receipt.py::test_a_refused_item_can_be_disposed_of
FR-C1-13,ISO/IEC 17025:2017 7.4.3,backend/apps/samples/models.py:261; backend/apps/samples/views.py:609,backend/tests/test_sample_receipt.py::test_a_refused_item_cannot_be_prepped
FR-C1-13,ISO/IEC 17025:2017 7.4.3,backend/apps/samples/models.py:261; backend/apps/samples/views.py:609,backend/tests/test_sample_receipt.py::test_a_refused_item_does_not_land_in_the_nonconforming_work_queue
FR-C1-13,ISO/IEC 17025:2017 7.4.3,backend/apps/samples/models.py:261; backend/apps/samples/views.py:609,backend/tests/test_sample_receipt.py::test_a_sample_received_before_the_receipt_record_existed_is_not_stranded
FR-C1-13,ISO/IEC 17025:2017 7.4.3,backend/apps/samples/models.py:261; backend/apps/samples/views.py:609,backend/tests/test_sample_receipt.py::test_a_service_line_with_no_prefix_refuses_rather_than_inventing_one
FR-C1-13,ISO/IEC 17025:2017 7.4.3,backend/apps/samples/models.py:261; backend/apps/samples/views.py:609,backend/tests/test_sample_receipt.py::test_a_temperature_excursion_counts_as_a_deviation
FR-C1-13,ISO/IEC 17025:2017 7.4.3,backend/apps/samples/models.py:261; backend/apps/samples/views.py:609,backend/tests/test_sample_receipt.py::test_an_item_can_be_refused_after_it_has_been_booked_in
FR-C1-13,ISO/IEC 17025:2017 7.4.3,backend/apps/samples/models.py:261; backend/apps/samples/views.py:609,backend/tests/test_sample_receipt.py::test_an_item_can_be_refused_before_it_is_received
FR-C1-13,ISO/IEC 17025:2017 7.4.3,backend/apps/samples/models.py:261; backend/apps/samples/views.py:609,backend/tests/test_sample_receipt.py::test_an_unmeasured_temperature_is_not_recorded_as_conforming
FR-C1-13,ISO/IEC 17025:2017 7.4.3,backend/apps/samples/models.py:261; backend/apps/samples/views.py:609,backend/tests/test_sample_receipt.py::test_an_unrelated_update_still_works_with_the_trigger_in_place
FR-C1-13,ISO/IEC 17025:2017 7.4.3,backend/apps/samples/models.py:261; backend/apps/samples/views.py:609,backend/tests/test_sample_receipt.py::test_authorising_testing_despite_a_deviation_requires_a_disclaimer
FR-C1-13,ISO/IEC 17025:2017 7.4.3,backend/apps/samples/models.py:261; backend/apps/samples/views.py:609,backend/tests/test_sample_receipt.py::test_codes_increment_within_a_service_line_and_month
FR-C1-13,ISO/IEC 17025:2017 7.4.3,backend/apps/samples/models.py:261; backend/apps/samples/views.py:609,backend/tests/test_sample_receipt.py::test_each_service_line_and_month_counts_separately
FR-C1-13,ISO/IEC 17025:2017 7.4.3,backend/apps/samples/models.py:261; backend/apps/samples/views.py:609,backend/tests/test_sample_receipt.py::test_receipt_can_be_backdated_to_when_the_courier_actually_arrived
FR-C1-13,ISO/IEC 17025:2017 7.4.3,backend/apps/samples/models.py:261; backend/apps/samples/views.py:609,backend/tests/test_sample_receipt.py::test_recording_the_consultation_opens_the_gate
FR-C1-13,ISO/IEC 17025:2017 7.4.3,backend/apps/samples/models.py:261; backend/apps/samples/views.py:609,backend/tests/test_sample_receipt.py::test_refusing_an_item_is_role_gated
FR-C1-13,ISO/IEC 17025:2017 7.4.3,backend/apps/samples/models.py:261; backend/apps/samples/views.py:609,backend/tests/test_sample_receipt.py::test_refusing_an_item_requires_a_reason
FR-C1-13,ISO/IEC 17025:2017 7.4.3,backend/apps/samples/models.py:261; backend/apps/samples/views.py:609,backend/tests/test_sample_receipt.py::test_the_code_is_allocated_server_side_and_a_client_supplied_one_is_ignored
FR-C1-13,ISO/IEC 17025:2017 7.4.3,backend/apps/samples/models.py:261; backend/apps/samples/views.py:609,backend/tests/test_sample_receipt.py::test_the_database_refuses_a_code_change_even_from_raw_sql
FR-C1-13,ISO/IEC 17025:2017 7.4.3,backend/apps/samples/models.py:261; backend/apps/samples/views.py:609,backend/tests/test_sample_receipt.py::test_the_disclaimer_flag_follows_the_customers_instruction
FR-C1-13,ISO/IEC 17025:2017 7.4.3,backend/apps/samples/models.py:261; backend/apps/samples/views.py:609,backend/tests/test_sample_receipt.py::test_the_receive_response_carries_the_saved_receipt
FR-C1-13,ISO/IEC 17025:2017 7.4.3,backend/apps/samples/models.py:261; backend/apps/samples/views.py:609,backend/tests/test_sample_receipt.py::test_the_write_time_is_kept_separately_from_the_event_time
FR-C3-01,,backend/apps/samples/models.py:265; backend/apps/testing/serializers.py:106,
FR-C3-02,Blueprint Section 7.1,backend/apps/accounts/models.py:90; backend/apps/accounts/permissions.py:2; backend/apps/testing/ingestion.py:39; backend/apps/testing/models.py:191; backend/apps/testing/serializers.py:134; frontend/src/pages/TestRequestDetail.tsx:132; backend/apps/accounts/migrations/0002_initial.py:23; backend/apps/testing/migrations/0001_initial.py:141,backend/tests/test_testing_competency_and_oos.py::test_certified_analyst_can_enter_result
FR-C3-02,Blueprint Section 7.1,backend/apps/accounts/models.py:90; backend/apps/accounts/permissions.py:2; backend/apps/testing/ingestion.py:39; backend/apps/testing/models.py:191; backend/apps/testing/serializers.py:134; frontend/src/pages/TestRequestDetail.tsx:132; backend/apps/accounts/migrations/0002_initial.py:23; backend/apps/testing/migrations/0001_initial.py:141,backend/tests/test_testing_competency_and_oos.py::test_client_supplied_is_out_of_spec_is_ignored
FR-C3-02,Blueprint Section 7.1,backend/apps/accounts/models.py:90; backend/apps/accounts/permissions.py:2; backend/apps/testing/ingestion.py:39; backend/apps/testing/models.py:191; backend/apps/testing/serializers.py:134; frontend/src/pages/TestRequestDetail.tsx:132; backend/apps/accounts/migrations/0002_initial.py:23; backend/apps/testing/migrations/0001_initial.py:141,backend/tests/test_testing_competency_and_oos.py::test_expired_standard_reagent_is_rejected
FR-C3-02,Blueprint Section 7.1,backend/apps/accounts/models.py:90; backend/apps/accounts/permissions.py:2; backend/apps/testing/ingestion.py:39; backend/apps/testing/models.py:191; backend/apps/testing/serializers.py:134; frontend/src/pages/TestRequestDetail.tsx:132; backend/apps/accounts/migrations/0002_initial.py:23; backend/apps/testing/migrations/0001_initial.py:141,backend/tests/test_testing_competency_and_oos.py::test_out_of_spec_value_is_auto_flagged
FR-C3-02,Blueprint Section 7.1,backend/apps/accounts/models.py:90; backend/apps/accounts/permissions.py:2; backend/apps/testing/ingestion.py:39; backend/apps/testing/models.py:191; backend/apps/testing/serializers.py:134; frontend/src/pages/TestRequestDetail.tsx:132; backend/apps/accounts/migrations/0002_initial.py:23; backend/apps/testing/migrations/0001_initial.py:141,backend/tests/test_testing_competency_and_oos.py::test_uncertified_analyst_is_blocked_from_entering_a_result
FR-C3-02,Blueprint Section 7.1,backend/apps/accounts/models.py:90; backend/apps/accounts/permissions.py:2; backend/apps/testing/ingestion.py:39; backend/apps/testing/models.py:191; backend/apps/testing/serializers.py:134; frontend/src/pages/TestRequestDetail.tsx:132; backend/apps/accounts/migrations/0002_initial.py:23; backend/apps/testing/migrations/0001_initial.py:141,frontend/src/pages/EquipmentList.test.tsx:111 sends the CRM traceability reference and expiry the lab needs on file
FR-C3-03,,backend/apps/testing/views.py:203,
FR-C3-05,,backend/apps/testing/models.py:131,backend/tests/test_holding_times.py::test_a_breach_also_reaches_qa
FR-C3-05,,backend/apps/testing/models.py:131,backend/tests/test_holding_times.py::test_a_breach_is_a_new_message_after_a_warning
FR-C3-05,,backend/apps/testing/models.py:131,backend/tests/test_holding_times.py::test_a_completed_test_is_never_overdue
FR-C3-05,,backend/apps/testing/models.py:131,backend/tests/test_holding_times.py::test_a_method_with_no_holding_time_has_no_deadline
FR-C3-05,,backend/apps/testing/models.py:131,backend/tests/test_holding_times.py::test_a_request_booked_after_receipt_dates_itself
FR-C3-05,,backend/apps/testing/models.py:131,backend/tests/test_holding_times.py::test_a_retest_does_not_restart_the_clock
FR-C3-05,,backend/apps/testing/models.py:131,backend/tests/test_holding_times.py::test_a_sample_with_no_clock_yet_has_no_deadline
FR-C3-05,,backend/apps/testing/models.py:131,backend/tests/test_holding_times.py::test_a_test_with_no_deadline_is_never_overdue
FR-C3-05,,backend/apps/testing/models.py:131,backend/tests/test_holding_times.py::test_an_unassigned_analysis_falls_back_to_the_analyst_roles
FR-C3-05,,backend/apps/testing/models.py:131,backend/tests/test_holding_times.py::test_an_unrelated_patch_leaves_the_deadline_alone
FR-C3-05,,backend/apps/testing/models.py:131,backend/tests/test_holding_times.py::test_completed_work_is_not_swept
FR-C3-05,,backend/apps/testing/models.py:131,backend/tests/test_holding_times.py::test_correcting_the_collection_time_moves_the_deadline
FR-C3-05,,backend/apps/testing/models.py:131,backend/tests/test_holding_times.py::test_either_duration_alone_is_enough
FR-C3-05,,backend/apps/testing/models.py:131,backend/tests/test_holding_times.py::test_outstanding_work_past_its_deadline_is_overdue
FR-C3-05,,backend/apps/testing/models.py:131,backend/tests/test_holding_times.py::test_priority_outranks_the_deadline
FR-C3-05,,backend/apps/testing/models.py:131,backend/tests/test_holding_times.py::test_priority_ranks_by_urgency_not_alphabetically
FR-C3-05,,backend/apps/testing/models.py:131,backend/tests/test_holding_times.py::test_receipt_is_the_fallback_and_says_so
FR-C3-05,,backend/apps/testing/models.py:131,backend/tests/test_holding_times.py::test_receiving_a_sample_dates_the_requests_already_booked_against_it
FR-C3-05,,backend/apps/testing/models.py:131,backend/tests/test_holding_times.py::test_recomputing_an_unchanged_deadline_reports_no_change
FR-C3-05,,backend/apps/testing/models.py:131,backend/tests/test_holding_times.py::test_the_clock_starts_at_collection_not_receipt
FR-C3-05,,backend/apps/testing/models.py:131,backend/tests/test_holding_times.py::test_the_overdue_filter_returns_only_live_breaches
FR-C3-05,,backend/apps/testing/models.py:131,backend/tests/test_holding_times.py::test_the_queue_leads_with_the_soonest_deadline
FR-C3-05,,backend/apps/testing/models.py:131,backend/tests/test_holding_times.py::test_the_shorter_binds_in_the_other_direction_too
FR-C3-05,,backend/apps/testing/models.py:131,backend/tests/test_holding_times.py::test_the_shorter_of_the_two_holding_times_binds
FR-C3-05,,backend/apps/testing/models.py:131,backend/tests/test_holding_times.py::test_the_sweep_does_not_repeat_the_same_warning
FR-C3-05,,backend/apps/testing/models.py:131,backend/tests/test_holding_times.py::test_the_sweep_leaves_work_outside_the_horizon_alone
FR-C3-05,,backend/apps/testing/models.py:131,backend/tests/test_holding_times.py::test_the_sweep_message_names_the_sample_and_the_basis
FR-C3-05,,backend/apps/testing/models.py:131,backend/tests/test_holding_times.py::test_the_sweep_warns_before_the_deadline
FR-C3-05,,backend/apps/testing/models.py:131,backend/tests/test_holding_times.py::test_work_with_no_deadline_sorts_last
FR-C3-06,,backend/apps/testing/views.py:203,
FR-C3-08,ISO/IEC 17025:2017 7.10,backend/apps/notifications/messages.py:176; backend/apps/testing/ingestion.py:54; backend/apps/testing/models.py:185; backend/apps/testing/serializers.py:20; backend/apps/testing/migrations/0001_initial.py:108,backend/tests/test_semantic_invariants.py::test_a_malformed_limit_refuses_the_result_rather_than_skipping_the_check
FR-C3-08,ISO/IEC 17025:2017 7.10,backend/apps/notifications/messages.py:176; backend/apps/testing/ingestion.py:54; backend/apps/testing/models.py:185; backend/apps/testing/serializers.py:20; backend/apps/testing/migrations/0001_initial.py:108,backend/tests/test_semantic_invariants.py::test_a_min_above_max_would_have_flagged_every_result
FR-C3-08,ISO/IEC 17025:2017 7.10,backend/apps/notifications/messages.py:176; backend/apps/testing/ingestion.py:54; backend/apps/testing/models.py:185; backend/apps/testing/serializers.py:20; backend/apps/testing/migrations/0001_initial.py:108,backend/tests/test_semantic_invariants.py::test_a_test_method_cannot_store_unusable_specification_limits
FR-C3-08,ISO/IEC 17025:2017 7.10,backend/apps/notifications/messages.py:176; backend/apps/testing/ingestion.py:54; backend/apps/testing/models.py:185; backend/apps/testing/serializers.py:20; backend/apps/testing/migrations/0001_initial.py:108,backend/tests/test_semantic_invariants.py::test_usable_specification_limits_are_still_accepted
FR-C3-08,ISO/IEC 17025:2017 7.10,backend/apps/notifications/messages.py:176; backend/apps/testing/ingestion.py:54; backend/apps/testing/models.py:185; backend/apps/testing/serializers.py:20; backend/apps/testing/migrations/0001_initial.py:108,backend/tests/test_testing_competency_and_oos.py::test_certified_analyst_can_enter_result
FR-C3-08,ISO/IEC 17025:2017 7.10,backend/apps/notifications/messages.py:176; backend/apps/testing/ingestion.py:54; backend/apps/testing/models.py:185; backend/apps/testing/serializers.py:20; backend/apps/testing/migrations/0001_initial.py:108,backend/tests/test_testing_competency_and_oos.py::test_client_supplied_is_out_of_spec_is_ignored
FR-C3-08,ISO/IEC 17025:2017 7.10,backend/apps/notifications/messages.py:176; backend/apps/testing/ingestion.py:54; backend/apps/testing/models.py:185; backend/apps/testing/serializers.py:20; backend/apps/testing/migrations/0001_initial.py:108,backend/tests/test_testing_competency_and_oos.py::test_expired_standard_reagent_is_rejected
FR-C3-08,ISO/IEC 17025:2017 7.10,backend/apps/notifications/messages.py:176; backend/apps/testing/ingestion.py:54; backend/apps/testing/models.py:185; backend/apps/testing/serializers.py:20; backend/apps/testing/migrations/0001_initial.py:108,backend/tests/test_testing_competency_and_oos.py::test_out_of_spec_value_is_auto_flagged
FR-C3-08,ISO/IEC 17025:2017 7.10,backend/apps/notifications/messages.py:176; backend/apps/testing/ingestion.py:54; backend/apps/testing/models.py:185; backend/apps/testing/serializers.py:20; backend/apps/testing/migrations/0001_initial.py:108,backend/tests/test_testing_competency_and_oos.py::test_uncertified_analyst_is_blocked_from_entering_a_result
FR-C4-04,,backend/apps/samples/models.py:269; backend/apps/samples/views.py:728; backend/apps/testing/models.py:135,
FR-C4-05,,backend/apps/testing/models.py:185; backend/apps/testing/migrations/0001_initial.py:108,
FR-C5-01,ASTM E1578-18 6.6.1; Blueprint Section 2.1,backend/apps/samples/models.py:274; backend/apps/samples/views.py:758,
FR-C5-04,Blueprint Section 3.1,backend/apps/accounts/models.py:190; backend/apps/accounts/services.py:2,
FR-C6-03,Blueprint Section 8.3,backend/apps/reporting/serializers.py:9; backend/apps/reporting/views.py:32; frontend/src/pages/SampleDetail.tsx:380,backend/tests/test_report_generation.py::test_a_client_supplied_file_id_and_status_are_ignored
FR-C6-03,Blueprint Section 8.3,backend/apps/reporting/serializers.py:9; backend/apps/reporting/views.py:32; frontend/src/pages/SampleDetail.tsx:380,backend/tests/test_report_generation.py::test_a_coa_renders_the_sample_and_its_results
FR-C6-03,Blueprint Section 8.3,backend/apps/reporting/serializers.py:9; backend/apps/reporting/views.py:32; frontend/src/pages/SampleDetail.tsx:380,backend/tests/test_report_generation.py::test_a_failed_report_reports_why
FR-C6-03,Blueprint Section 8.3,backend/apps/reporting/serializers.py:9; backend/apps/reporting/views.py:32; frontend/src/pages/SampleDetail.tsx:380,backend/tests/test_report_generation.py::test_a_failure_is_recorded_on_the_row_and_re_raised
FR-C6-03,Blueprint Section 8.3,backend/apps/reporting/serializers.py:9; backend/apps/reporting/views.py:32; frontend/src/pages/SampleDetail.tsx:380,backend/tests/test_report_generation.py::test_a_missing_context_key_fails_loudly
FR-C6-03,Blueprint Section 8.3,backend/apps/reporting/serializers.py:9; backend/apps/reporting/views.py:32; frontend/src/pages/SampleDetail.tsx:380,backend/tests/test_report_generation.py::test_a_missing_template_fails_the_report_rather_than_hanging_it
FR-C6-03,Blueprint Section 8.3,backend/apps/reporting/serializers.py:9; backend/apps/reporting/views.py:32; frontend/src/pages/SampleDetail.tsx:380,backend/tests/test_report_generation.py::test_a_multi_analyte_coa_labels_each_row
FR-C6-03,Blueprint Section 8.3,backend/apps/reporting/serializers.py:9; backend/apps/reporting/views.py:32; frontend/src/pages/SampleDetail.tsx:380,backend/tests/test_report_generation.py::test_a_pending_report_answers_409_with_its_status
FR-C6-03,Blueprint Section 8.3,backend/apps/reporting/serializers.py:9; backend/apps/reporting/views.py:32; frontend/src/pages/SampleDetail.tsx:380,backend/tests/test_report_generation.py::test_a_ready_report_returns_a_presigned_url
FR-C6-03,Blueprint Section 8.3,backend/apps/reporting/serializers.py:9; backend/apps/reporting/views.py:32; frontend/src/pages/SampleDetail.tsx:380,backend/tests/test_report_generation.py::test_an_out_of_spec_result_is_marked_in_the_document
FR-C6-03,Blueprint Section 8.3,backend/apps/reporting/serializers.py:9; backend/apps/reporting/views.py:32; frontend/src/pages/SampleDetail.tsx:380,backend/tests/test_report_generation.py::test_an_unknown_report_type_raises_rather_than_falling_back
FR-C6-03,Blueprint Section 8.3,backend/apps/reporting/serializers.py:9; backend/apps/reporting/views.py:32; frontend/src/pages/SampleDetail.tsx:380,backend/tests/test_report_generation.py::test_creating_a_report_starts_it_pending_with_no_file
FR-C6-03,Blueprint Section 8.3,backend/apps/reporting/serializers.py:9; backend/apps/reporting/views.py:32; frontend/src/pages/SampleDetail.tsx:380,backend/tests/test_report_generation.py::test_download_requires_authentication
FR-C6-03,Blueprint Section 8.3,backend/apps/reporting/serializers.py:9; backend/apps/reporting/views.py:32; frontend/src/pages/SampleDetail.tsx:380,backend/tests/test_report_generation.py::test_every_report_type_has_a_template
FR-C6-03,Blueprint Section 8.3,backend/apps/reporting/serializers.py:9; backend/apps/reporting/views.py:32; frontend/src/pages/SampleDetail.tsx:380,backend/tests/test_report_generation.py::test_it_produces_a_real_pdf_and_marks_the_report_ready
FR-C6-03,Blueprint Section 8.3,backend/apps/reporting/serializers.py:9; backend/apps/reporting/views.py:32; frontend/src/pages/SampleDetail.tsx:380,backend/tests/test_report_generation.py::test_report_cannot_be_created_for_an_unapproved_sample
FR-C6-03,Blueprint Section 8.3,backend/apps/reporting/serializers.py:9; backend/apps/reporting/views.py:32; frontend/src/pages/SampleDetail.tsx:380,backend/tests/test_report_generation.py::test_status_filter_actually_filters
FR-C6-03,Blueprint Section 8.3,backend/apps/reporting/serializers.py:9; backend/apps/reporting/views.py:32; frontend/src/pages/SampleDetail.tsx:380,backend/tests/test_report_generation.py::test_templates_are_marked_as_drafts
FR-C6-03,Blueprint Section 8.3,backend/apps/reporting/serializers.py:9; backend/apps/reporting/views.py:32; frontend/src/pages/SampleDetail.tsx:380,backend/tests/test_report_generation.py::test_the_list_includes_display_fields_a_ui_can_render
FR-C6-03,Blueprint Section 8.3,backend/apps/reporting/serializers.py:9; backend/apps/reporting/views.py:32; frontend/src/pages/SampleDetail.tsx:380,backend/tests/test_report_generation.py::test_the_object_key_is_versioned_so_a_correction_cannot_overwrite_the_issued_pdf
FR-C6-03,Blueprint Section 8.3,backend/apps/reporting/serializers.py:9; backend/apps/reporting/views.py:32; frontend/src/pages/SampleDetail.tsx:380,backend/tests/test_report_generation.py::test_the_pipeline_uploads_a_retrievable_pdf
FR-D1-02,Blueprint Section 5.1; Blueprint Section 6,backend/apps/documents/views.py:4; frontend/src/pages/DocumentsList.tsx:37,
FR-D1-03,,backend/apps/documents/serializers.py:16; backend/apps/documents/views.py:61,backend/tests/test_documents.py::test_approving_a_version_archives_prior_current_and_syncs_document
FR-D1-03,,backend/apps/documents/serializers.py:16; backend/apps/documents/views.py:61,backend/tests/test_documents.py::test_write_requires_qa_officer_or_lab_supervisor_role
FR-D1-03,,backend/apps/documents/serializers.py:16; backend/apps/documents/views.py:61,frontend/src/pages/DocumentDetail.test.tsx:109 re-reads the document afterwards rather than patching one row
FR-D1-03,,backend/apps/documents/serializers.py:16; backend/apps/documents/views.py:61,frontend/src/pages/DocumentDetail.test.tsx:126 surfaces the server
FR-D1-03,,backend/apps/documents/serializers.py:16; backend/apps/documents/views.py:61,frontend/src/pages/DocumentDetail.test.tsx:143 suggests the next version number once the document has loaded
FR-D1-03,,backend/apps/documents/serializers.py:16; backend/apps/documents/views.py:61,frontend/src/pages/DocumentDetail.test.tsx:153 omits effective_date when left blank rather than sending an empty string
FR-D1-03,,backend/apps/documents/serializers.py:16; backend/apps/documents/views.py:61,frontend/src/pages/DocumentDetail.test.tsx:174 badges exactly one version as current
FR-D1-03,,backend/apps/documents/serializers.py:16; backend/apps/documents/views.py:61,frontend/src/pages/DocumentDetail.test.tsx:182 shows who approved each version
FR-D1-03,,backend/apps/documents/serializers.py:16; backend/apps/documents/views.py:61,frontend/src/pages/DocumentDetail.test.tsx:192 surfaces a load failure
FR-D1-03,,backend/apps/documents/serializers.py:16; backend/apps/documents/views.py:61,frontend/src/pages/DocumentDetail.test.tsx:60 hides approval and the new-version form from an analyst
FR-D1-03,,backend/apps/documents/serializers.py:16; backend/apps/documents/views.py:61,frontend/src/pages/DocumentDetail.test.tsx:67 shows them to a QA officer
FR-D1-03,,backend/apps/documents/serializers.py:16; backend/apps/documents/views.py:61,frontend/src/pages/DocumentDetail.test.tsx:75 shows them to a lab supervisor
FR-D1-03,,backend/apps/documents/serializers.py:16; backend/apps/documents/views.py:61,frontend/src/pages/DocumentDetail.test.tsx:84 offers approval only on versions that are not already current
FR-D1-03,,backend/apps/documents/serializers.py:16; backend/apps/documents/views.py:61,"frontend/src/pages/DocumentDetail.test.tsx:93 posts against the version, not the document"
FR-E3-02,,backend/apps/equipment/serializers.py:54; backend/apps/equipment/views.py:69,backend/tests/test_equipment_calibration.py::test_failing_calibration_marks_instrument_out_of_calibration
FR-E3-02,,backend/apps/equipment/serializers.py:54; backend/apps/equipment/views.py:69,backend/tests/test_equipment_calibration.py::test_instrument_status_filter_returns_only_matching_instruments
FR-E3-02,,backend/apps/equipment/serializers.py:54; backend/apps/equipment/views.py:69,backend/tests/test_equipment_calibration.py::test_passing_calibration_returns_instrument_to_in_service
FR-E3-02,,backend/apps/equipment/serializers.py:54; backend/apps/equipment/views.py:69,backend/tests/test_semantic_invariants.py::test_a_calibration_cannot_be_recorded_as_performed_in_the_future
FR-E3-02,,backend/apps/equipment/serializers.py:54; backend/apps/equipment/views.py:69,backend/tests/test_semantic_invariants.py::test_a_calibration_cannot_fall_due_before_it_was_performed
FR-E3-02,,backend/apps/equipment/serializers.py:54; backend/apps/equipment/views.py:69,backend/tests/test_semantic_invariants.py::test_a_calibration_due_the_same_day_it_was_performed_is_allowed
FR-E3-02,,backend/apps/equipment/serializers.py:54; backend/apps/equipment/views.py:69,backend/tests/test_semantic_invariants.py::test_a_session_cannot_end_before_it_starts
FR-E3-02,,backend/apps/equipment/serializers.py:54; backend/apps/equipment/views.py:69,backend/tests/test_semantic_invariants.py::test_a_session_minimum_cannot_exceed_its_capacity
FR-E3-02,,backend/apps/equipment/serializers.py:54; backend/apps/equipment/views.py:69,backend/tests/test_semantic_invariants.py::test_a_session_whose_minimum_equals_its_capacity_is_allowed
FR-E3-02,,backend/apps/equipment/serializers.py:54; backend/apps/equipment/views.py:69,backend/tests/test_semantic_invariants.py::test_a_single_day_session_is_allowed
FR-E3-02,,backend/apps/equipment/serializers.py:54; backend/apps/equipment/views.py:69,backend/tests/test_semantic_invariants.py::test_a_zero_invoice_is_deliberately_still_allowed
FR-E3-02,,backend/apps/equipment/serializers.py:54; backend/apps/equipment/views.py:69,backend/tests/test_semantic_invariants.py::test_an_invoice_cannot_be_negative
FR-E3-02,,backend/apps/equipment/serializers.py:54; backend/apps/equipment/views.py:69,backend/tests/test_semantic_invariants.py::test_an_ordinary_calibration_is_still_accepted
FR-E3-02,,backend/apps/equipment/serializers.py:54; backend/apps/equipment/views.py:69,backend/tests/test_semantic_invariants.py::test_an_ordinary_session_is_still_accepted
FR-E3-02,,backend/apps/equipment/serializers.py:54; backend/apps/equipment/views.py:69,frontend/src/pages/EquipmentList.test.tsx:111 sends the CRM traceability reference and expiry the lab needs on file
FR-E3-02,,backend/apps/equipment/serializers.py:54; backend/apps/equipment/views.py:69,"frontend/src/pages/EquipmentList.test.tsx:140 shows lot and expiry, which is what makes a reagent identifiable"
FR-E3-02,,backend/apps/equipment/serializers.py:54; backend/apps/equipment/views.py:69,frontend/src/pages/EquipmentList.test.tsx:54 hides both forms from an analyst
FR-E3-02,,backend/apps/equipment/serializers.py:54; backend/apps/equipment/views.py:69,frontend/src/pages/EquipmentList.test.tsx:60 shows them to an instrument custodian
FR-E3-02,,backend/apps/equipment/serializers.py:54; backend/apps/equipment/views.py:69,frontend/src/pages/EquipmentList.test.tsx:68 shows them to a lab supervisor
FR-E3-02,,backend/apps/equipment/serializers.py:54; backend/apps/equipment/views.py:69,"frontend/src/pages/EquipmentList.test.tsx:75 hides them from a QA officer, who authorises retests but does not own equipment"
FR-E3-02,,backend/apps/equipment/serializers.py:54; backend/apps/equipment/views.py:69,frontend/src/pages/EquipmentList.test.tsx:85 asks the API for out-of-calibration instruments
FR-E3-02,,backend/apps/equipment/serializers.py:54; backend/apps/equipment/views.py:69,frontend/src/pages/EquipmentList.test.tsx:97 says so when nothing matches
FR-E3-02,,backend/apps/equipment/serializers.py:54; backend/apps/equipment/views.py:69,frontend/src/pages/InstrumentDetail.test.tsx:111 re-reads the instrument afterwards rather than assuming its status
FR-E3-02,,backend/apps/equipment/serializers.py:54; backend/apps/equipment/views.py:69,frontend/src/pages/InstrumentDetail.test.tsx:130 surfaces the server
FR-E3-02,,backend/apps/equipment/serializers.py:54; backend/apps/equipment/views.py:69,frontend/src/pages/InstrumentDetail.test.tsx:148 shows the current status and calibration due date
FR-E3-02,,backend/apps/equipment/serializers.py:54; backend/apps/equipment/views.py:69,frontend/src/pages/InstrumentDetail.test.tsx:155 lists who performed each calibration
FR-E3-02,,backend/apps/equipment/serializers.py:54; backend/apps/equipment/views.py:69,frontend/src/pages/InstrumentDetail.test.tsx:165 surfaces a load failure
FR-E3-02,,backend/apps/equipment/serializers.py:54; backend/apps/equipment/views.py:69,frontend/src/pages/InstrumentDetail.test.tsx:62 is hidden from an analyst
FR-E3-02,,backend/apps/equipment/serializers.py:54; backend/apps/equipment/views.py:69,frontend/src/pages/InstrumentDetail.test.tsx:68 is shown to an instrument custodian
FR-E3-02,,backend/apps/equipment/serializers.py:54; backend/apps/equipment/views.py:69,frontend/src/pages/InstrumentDetail.test.tsx:74 is shown to a lab supervisor
FR-E3-02,,backend/apps/equipment/serializers.py:54; backend/apps/equipment/views.py:69,frontend/src/pages/InstrumentDetail.test.tsx:80 stays available on an out-of-calibration instrument
FR-E3-02,,backend/apps/equipment/serializers.py:54; backend/apps/equipment/views.py:69,frontend/src/pages/InstrumentDetail.test.tsx:91 sends the result and next due date against this instrument
FR-E9-01,Blueprint Section 6,backend/apps/investigations/views.py:2,backend/tests/test_investigations.py::test_cannot_close_an_already_closed_investigation
FR-E9-01,Blueprint Section 6,backend/apps/investigations/views.py:2,backend/tests/test_investigations.py::test_close_sets_status_and_closed_at_atomically
FR-E9-01,Blueprint Section 6,backend/apps/investigations/views.py:2,backend/tests/test_investigations.py::test_related_sample_code_is_included_for_display
FR-E9-01,Blueprint Section 6,backend/apps/investigations/views.py:2,backend/tests/test_investigations.py::test_related_sample_filter_returns_only_that_samples_investigations
FR-E9-01,Blueprint Section 6,backend/apps/investigations/views.py:2,backend/tests/test_investigations.py::test_status_filter_supports_comma_separated_values
FR-E9-01,Blueprint Section 6,backend/apps/investigations/views.py:2,backend/tests/test_investigations.py::test_write_requires_qa_officer_or_lab_supervisor_role
FR-E9-01,Blueprint Section 6,backend/apps/investigations/views.py:2,frontend/src/pages/InvestigationDetail.test.tsx:105 prefills the form from what is already recorded
FR-E9-01,Blueprint Section 6,backend/apps/investigations/views.py:2,frontend/src/pages/InvestigationDetail.test.tsx:113 sends both fields together
FR-E9-01,Blueprint Section 6,backend/apps/investigations/views.py:2,frontend/src/pages/InvestigationDetail.test.tsx:139 posts to the close action rather than patching status
FR-E9-01,Blueprint Section 6,backend/apps/investigations/views.py:2,frontend/src/pages/InvestigationDetail.test.tsx:154 re-reads the investigation so closed_at and status arrive from the server
FR-E9-01,Blueprint Section 6,backend/apps/investigations/views.py:2,frontend/src/pages/InvestigationDetail.test.tsx:169 surfaces the server
FR-E9-01,Blueprint Section 6,backend/apps/investigations/views.py:2,frontend/src/pages/InvestigationDetail.test.tsx:188 surfaces a load failure
FR-E9-01,Blueprint Section 6,backend/apps/investigations/views.py:2,frontend/src/pages/InvestigationDetail.test.tsx:46 hides the form and the close button from an analyst
FR-E9-01,Blueprint Section 6,backend/apps/investigations/views.py:2,frontend/src/pages/InvestigationDetail.test.tsx:53 shows them to a QA officer
FR-E9-01,Blueprint Section 6,backend/apps/investigations/views.py:2,frontend/src/pages/InvestigationDetail.test.tsx:61 shows them to a lab supervisor
FR-E9-01,Blueprint Section 6,backend/apps/investigations/views.py:2,"frontend/src/pages/InvestigationDetail.test.tsx:77 offers no edit form, even to a QA officer"
FR-E9-01,Blueprint Section 6,backend/apps/investigations/views.py:2,frontend/src/pages/InvestigationDetail.test.tsx:86 offers no close button and says it is closed
FR-E9-01,Blueprint Section 6,backend/apps/investigations/views.py:2,frontend/src/pages/InvestigationDetail.test.tsx:94 still displays the recorded root cause and CAPA read-only
FR-E17-01,Blueprint Section 6; ISO/IEC 17025:2017 8.4.2,backend/apps/audit/context.py:4; backend/apps/audit/signals.py:2; backend/apps/equipment/views.py:67; backend/apps/reporting/tasks.py:105; backend/apps/reporting/views.py:4; backend/apps/audit/migrations/0003_partition_audit_log_entry.py:7,backend/tests/test_audit_log_entries.py::test_a_create_is_recorded_once_not_once_per_field
FR-E17-01,Blueprint Section 6; ISO/IEC 17025:2017 8.4.2,backend/apps/audit/context.py:4; backend/apps/audit/signals.py:2; backend/apps/equipment/views.py:67; backend/apps/reporting/tasks.py:105; backend/apps/reporting/views.py:4; backend/apps/audit/migrations/0003_partition_audit_log_entry.py:7,backend/tests/test_audit_log_entries.py::test_a_customer_session_is_derived_as_the_customer_actor
FR-E17-01,Blueprint Section 6; ISO/IEC 17025:2017 8.4.2,backend/apps/audit/context.py:4; backend/apps/audit/signals.py:2; backend/apps/equipment/views.py:67; backend/apps/reporting/tasks.py:105; backend/apps/reporting/views.py:4; backend/apps/audit/migrations/0003_partition_audit_log_entry.py:7,backend/tests/test_audit_log_entries.py::test_a_delete_is_recorded
FR-E17-01,Blueprint Section 6; ISO/IEC 17025:2017 8.4.2,backend/apps/audit/context.py:4; backend/apps/audit/signals.py:2; backend/apps/equipment/views.py:67; backend/apps/reporting/tasks.py:105; backend/apps/reporting/views.py:4; backend/apps/audit/migrations/0003_partition_audit_log_entry.py:7,backend/tests/test_audit_log_entries.py::test_a_save_that_changes_nothing_writes_nothing
FR-E17-01,Blueprint Section 6; ISO/IEC 17025:2017 8.4.2,backend/apps/audit/context.py:4; backend/apps/audit/signals.py:2; backend/apps/equipment/views.py:67; backend/apps/reporting/tasks.py:105; backend/apps/reporting/views.py:4; backend/apps/audit/migrations/0003_partition_audit_log_entry.py:7,backend/tests/test_audit_log_entries.py::test_a_staff_session_is_derived_as_the_staff_actor
FR-E17-01,Blueprint Section 6; ISO/IEC 17025:2017 8.4.2,backend/apps/audit/context.py:4; backend/apps/audit/signals.py:2; backend/apps/equipment/views.py:67; backend/apps/reporting/tasks.py:105; backend/apps/reporting/views.py:4; backend/apps/audit/migrations/0003_partition_audit_log_entry.py:7,backend/tests/test_audit_log_entries.py::test_a_staff_write_is_attributed_to_that_member_of_staff
FR-E17-01,Blueprint Section 6; ISO/IEC 17025:2017 8.4.2,backend/apps/audit/context.py:4; backend/apps/audit/signals.py:2; backend/apps/equipment/views.py:67; backend/apps/reporting/tasks.py:105; backend/apps/reporting/views.py:4; backend/apps/audit/migrations/0003_partition_audit_log_entry.py:7,backend/tests/test_audit_log_entries.py::test_a_system_write_is_attributed_to_the_system
FR-E17-01,Blueprint Section 6; ISO/IEC 17025:2017 8.4.2,backend/apps/audit/context.py:4; backend/apps/audit/signals.py:2; backend/apps/equipment/views.py:67; backend/apps/reporting/tasks.py:105; backend/apps/reporting/views.py:4; backend/apps/audit/migrations/0003_partition_audit_log_entry.py:7,backend/tests/test_audit_log_entries.py::test_a_task_run_inside_a_request_is_still_the_system
FR-E17-01,Blueprint Section 6; ISO/IEC 17025:2017 8.4.2,backend/apps/audit/context.py:4; backend/apps/audit/signals.py:2; backend/apps/equipment/views.py:67; backend/apps/reporting/tasks.py:105; backend/apps/reporting/views.py:4; backend/apps/audit/migrations/0003_partition_audit_log_entry.py:7,backend/tests/test_audit_log_entries.py::test_an_unaudited_model_writes_nothing
FR-E17-01,Blueprint Section 6; ISO/IEC 17025:2017 8.4.2,backend/apps/audit/context.py:4; backend/apps/audit/signals.py:2; backend/apps/equipment/views.py:67; backend/apps/reporting/tasks.py:105; backend/apps/reporting/views.py:4; backend/apps/audit/migrations/0003_partition_audit_log_entry.py:7,backend/tests/test_audit_log_entries.py::test_an_update_records_the_old_and_new_value
FR-E17-01,Blueprint Section 6; ISO/IEC 17025:2017 8.4.2,backend/apps/audit/context.py:4; backend/apps/audit/signals.py:2; backend/apps/equipment/views.py:67; backend/apps/reporting/tasks.py:105; backend/apps/reporting/views.py:4; backend/apps/audit/migrations/0003_partition_audit_log_entry.py:7,backend/tests/test_audit_log_entries.py::test_only_the_fields_that_changed_are_recorded
FR-E17-01,Blueprint Section 6; ISO/IEC 17025:2017 8.4.2,backend/apps/audit/context.py:4; backend/apps/audit/signals.py:2; backend/apps/equipment/views.py:67; backend/apps/reporting/tasks.py:105; backend/apps/reporting/views.py:4; backend/apps/audit/migrations/0003_partition_audit_log_entry.py:7,backend/tests/test_audit_log_entries.py::test_the_actor_does_not_survive_the_response
FR-E17-01,Blueprint Section 6; ISO/IEC 17025:2017 8.4.2,backend/apps/audit/context.py:4; backend/apps/audit/signals.py:2; backend/apps/equipment/views.py:67; backend/apps/reporting/tasks.py:105; backend/apps/reporting/views.py:4; backend/apps/audit/migrations/0003_partition_audit_log_entry.py:7,backend/tests/test_audit_log_entries.py::test_the_context_default_matches_the_models_own_enum
FR-E17-01,Blueprint Section 6; ISO/IEC 17025:2017 8.4.2,backend/apps/audit/context.py:4; backend/apps/audit/signals.py:2; backend/apps/equipment/views.py:67; backend/apps/reporting/tasks.py:105; backend/apps/reporting/views.py:4; backend/apps/audit/migrations/0003_partition_audit_log_entry.py:7,backend/tests/test_audit_log_entries.py::test_the_report_pipeline_records_its_own_transitions
FR-E17-01,Blueprint Section 6; ISO/IEC 17025:2017 8.4.2,backend/apps/audit/context.py:4; backend/apps/audit/signals.py:2; backend/apps/equipment/views.py:67; backend/apps/reporting/tasks.py:105; backend/apps/reporting/views.py:4; backend/apps/audit/migrations/0003_partition_audit_log_entry.py:7,backend/tests/test_audit_retention.py::test_an_anonymize_policy_never_claims_pii_was_stripped
FR-E17-01,Blueprint Section 6; ISO/IEC 17025:2017 8.4.2,backend/apps/audit/context.py:4; backend/apps/audit/signals.py:2; backend/apps/equipment/views.py:67; backend/apps/reporting/tasks.py:105; backend/apps/reporting/views.py:4; backend/apps/audit/migrations/0003_partition_audit_log_entry.py:7,backend/tests/test_report_generation.py::test_the_object_key_is_versioned_so_a_correction_cannot_overwrite_the_issued_pdf
FR-E17-02,Blueprint Section 3.1; ISO/IEC 17025:2017 8.4.2,backend/apps/accounts/permissions.py:18; backend/apps/audit/models.py:5; backend/apps/audit/migrations/0004_audit_log_append_only.py:2,backend/tests/test_audit_append_only.py::test_a_partition_created_after_the_migration_still_refuses_a_delete
FR-E17-02,Blueprint Section 3.1; ISO/IEC 17025:2017 8.4.2,backend/apps/accounts/permissions.py:18; backend/apps/audit/models.py:5; backend/apps/audit/migrations/0004_audit_log_append_only.py:2,backend/tests/test_audit_append_only.py::test_an_insert_is_still_allowed
FR-E17-02,Blueprint Section 3.1; ISO/IEC 17025:2017 8.4.2,backend/apps/accounts/permissions.py:18; backend/apps/audit/models.py:5; backend/apps/audit/migrations/0004_audit_log_append_only.py:2,backend/tests/test_audit_append_only.py::test_every_partition_has_update_delete_and_truncate_revoked
FR-E17-02,Blueprint Section 3.1; ISO/IEC 17025:2017 8.4.2,backend/apps/accounts/permissions.py:18; backend/apps/audit/models.py:5; backend/apps/audit/migrations/0004_audit_log_append_only.py:2,backend/tests/test_audit_append_only.py::test_raw_sql_cannot_delete_an_entry
FR-E17-02,Blueprint Section 3.1; ISO/IEC 17025:2017 8.4.2,backend/apps/accounts/permissions.py:18; backend/apps/audit/models.py:5; backend/apps/audit/migrations/0004_audit_log_append_only.py:2,backend/tests/test_audit_append_only.py::test_the_ledger_cannot_be_truncated
FR-E17-02,Blueprint Section 3.1; ISO/IEC 17025:2017 8.4.2,backend/apps/accounts/permissions.py:18; backend/apps/audit/models.py:5; backend/apps/audit/migrations/0004_audit_log_append_only.py:2,backend/tests/test_audit_append_only.py::test_the_orm_cannot_delete_an_entry
FR-E17-02,Blueprint Section 3.1; ISO/IEC 17025:2017 8.4.2,backend/apps/accounts/permissions.py:18; backend/apps/audit/models.py:5; backend/apps/audit/migrations/0004_audit_log_append_only.py:2,backend/tests/test_audit_append_only.py::test_the_orm_cannot_update_an_entry
FR-E17-03,Blueprint Section 3.1; Blueprint Section 6; ISO/IEC 17025:2017 8.4.2,backend/apps/reporting/tasks.py:105; backend/apps/reporting/views.py:4; backend/apps/audit/migrations/0003_partition_audit_log_entry.py:8; backend/apps/audit/migrations/0004_audit_log_append_only.py:2,backend/tests/test_audit_append_only.py::test_a_partition_created_after_the_migration_still_refuses_a_delete
FR-E17-03,Blueprint Section 3.1; Blueprint Section 6; ISO/IEC 17025:2017 8.4.2,backend/apps/reporting/tasks.py:105; backend/apps/reporting/views.py:4; backend/apps/audit/migrations/0003_partition_audit_log_entry.py:8; backend/apps/audit/migrations/0004_audit_log_append_only.py:2,backend/tests/test_audit_append_only.py::test_an_insert_is_still_allowed
FR-E17-03,Blueprint Section 3.1; Blueprint Section 6; ISO/IEC 17025:2017 8.4.2,backend/apps/reporting/tasks.py:105; backend/apps/reporting/views.py:4; backend/apps/audit/migrations/0003_partition_audit_log_entry.py:8; backend/apps/audit/migrations/0004_audit_log_append_only.py:2,backend/tests/test_audit_append_only.py::test_every_partition_has_update_delete_and_truncate_revoked
FR-E17-03,Blueprint Section 3.1; Blueprint Section 6; ISO/IEC 17025:2017 8.4.2,backend/apps/reporting/tasks.py:105; backend/apps/reporting/views.py:4; backend/apps/audit/migrations/0003_partition_audit_log_entry.py:8; backend/apps/audit/migrations/0004_audit_log_append_only.py:2,backend/tests/test_audit_append_only.py::test_raw_sql_cannot_delete_an_entry
FR-E17-03,Blueprint Section 3.1; Blueprint Section 6; ISO/IEC 17025:2017 8.4.2,backend/apps/reporting/tasks.py:105; backend/apps/reporting/views.py:4; backend/apps/audit/migrations/0003_partition_audit_log_entry.py:8; backend/apps/audit/migrations/0004_audit_log_append_only.py:2,backend/tests/test_audit_append_only.py::test_the_ledger_cannot_be_truncated
FR-E17-03,Blueprint Section 3.1; Blueprint Section 6; ISO/IEC 17025:2017 8.4.2,backend/apps/reporting/tasks.py:105; backend/apps/reporting/views.py:4; backend/apps/audit/migrations/0003_partition_audit_log_entry.py:8; backend/apps/audit/migrations/0004_audit_log_append_only.py:2,backend/tests/test_audit_append_only.py::test_the_orm_cannot_delete_an_entry
FR-E17-03,Blueprint Section 3.1; Blueprint Section 6; ISO/IEC 17025:2017 8.4.2,backend/apps/reporting/tasks.py:105; backend/apps/reporting/views.py:4; backend/apps/audit/migrations/0003_partition_audit_log_entry.py:8; backend/apps/audit/migrations/0004_audit_log_append_only.py:2,backend/tests/test_audit_append_only.py::test_the_orm_cannot_update_an_entry
FR-E17-03,Blueprint Section 3.1; Blueprint Section 6; ISO/IEC 17025:2017 8.4.2,backend/apps/reporting/tasks.py:105; backend/apps/reporting/views.py:4; backend/apps/audit/migrations/0003_partition_audit_log_entry.py:8; backend/apps/audit/migrations/0004_audit_log_append_only.py:2,backend/tests/test_report_generation.py::test_the_object_key_is_versioned_so_a_correction_cannot_overwrite_the_issued_pdf
FR-S1-01,Blueprint Section 3.1,backend/apps/accounts/models.py:190; backend/apps/accounts/services.py:3,
